app_id,positive_reviews,negative_reviews
1966720,329641,7582
578080,1337934,967003
230410,493411,75820
1086940,545583,18176
2195250,28051,22504
1172470,625043,168474
271590,1510259,234122
1562700,19650,504
1313140,66506,3590
1049590,42818,11628
2073850,102400,34552
1985820,1215,548
1973530,22945,5256
2252570,8028,967
730,6906636,986506
1147560,45001,3258
985810,13034,8830
227300,719456,18940
323190,92857,7860
1449850,52815,16771
1974050,7381,3239
1144200,140003,18891
413150,639198,11378
648800,281896,19235
1801110,3499,363
2338770,4144,14810
1245620,715153,57672
1091500,581990,133337
2344520,12684,8298
1384160,41773,4002
582010,367432,54995
1943950,53248,5536
381210,570656,139389
108600,258759,16242
236390,371138,229487
1989270,7717,195
1938090,306160,222543
692890,13640,641
502500,34349,4835
1085660,469640,113552
359550,1054106,177913
440,966016,63108
1203220,167243,77026
1331550,6962,488
960170,21952,2883
2349820,16221,13012
2157560,2405,517
977950,57982,3713
1426210,145318,7384
1868140,87955,2289
239140,384439,19579
252490,895508,132732
346110,564524,114546
1260320,29641,10955
1635450,3464,1557
897450,5201,1588
949230,27242,18832
397540,109080,19209
1566390,2241,458
1250410,43262,11856
1174180,487820,47265
787480,25700,634
1473350,3172,98
1326470,151134,25281
431960,732163,14495
2653790,4533,292
1446780,74168,18454
477160,186383,10404
250900,270792,6727
270880,141307,4742
1222670,111500,15831
2334730,11201,665
394360,247298,22885
1962663,9953,20336
815370,55777,8509
289070,257469,42099
739630,630393,25970
990080,234191,21086
1286320,2679,1181
552990,105514,30880
386940,38240,1664
1352080,5377,2155
1644940,1176,25
1881700,2999,2416
1477590,4721,564
1286680,12049,3996
322330,424476,18847
105600,1223207,29434
728880,52525,5414
2080690,13582,2718
781030,252,334
1252600,1124,496
1976440,2180,811
2668080,903,287
443110,2839,1367
1158310,94128,8334
1826980,985,458
2050650,123678,3165
294100,174990,3386
1361210,61200,30120
1190970,4343,1254
1551360,144393,19538
1030840,60046,8722
518790,134247,17850
812140,133527,16036
550,811210,20264
1817070,86149,3465
892970,416894,22903
374320,350099,21262
962130,61596,7780
242760,505050,23814
269210,27708,11941
1206560,29153,1577
1627720,26964,2121
551170,2320,503
1217060,86762,5902
1364780,30353,4599
1201270,3848,85
1227890,13574,1034
570,1781964,391892
1012880,12427,803
1435790,12834,804
368260,13561,3131
1145360,241184,3789
470310,7782,459
1888160,57111,5705
1665460,28991,40595
1902690,3844,314
774171,94615,11724
2183650,736,154
361420,105888,9231
2287220,1658,482
1182900,12763,1195
246900,18396,1352
1850510,1709,416
1084600,19732,2583
1766740,12630,1157
673750,6351,849
1432860,13514,1738
644930,38378,6695
686810,95283,20539
1687950,54879,1590
1604030,68932,9264
255710,234472,16868
305620,93440,9193
1065310,5426,1794
389730,74022,15211
444200,109637,27463
2203070,1222,723
1151340,69611,26247
1987080,34343,6536
292030,733852,29958
268910,149316,5530
2221490,10537,4247
262060,120669,11079
872410,8483,5418
1527950,21227,2033
457140,107592,3677
1282100,39306,7224
400750,11745,2618
1290000,41077,1084
286160,59917,3733
1677280,11662,10492
8870,126869,8314
1593500,119524,3952
2375550,7149,206
702320,959,491
218620,580888,68240
2357570,39710,201940
449960,9421,2391
546560,85382,1408
1089090,15674,1371
1676840,6583,2868
526870,148973,4572
1139980,7549,801
1794680,221142,3187
620980,68377,3077
914800,8960,434
1341200,801,815
489830,262844,25463
1663220,1582,35
427520,173803,6055
1301390,959,244
264710,251153,8342
1948280,21685,745
1158160,12825,1655
1557740,23916,1177
1621690,27831,2393
251570,265472,34724
223750,27072,4213
751780,33942,3678
1462040,19094,2257
880940,42708,5305
1096900,1226,235
1272160,5725,547
1568590,51556,7454
1129580,33978,3381
2238900,2437,81
1817190,29654,2035
1123770,6277,1138
2522520,293,125
8930,188686,7553
1919590,30252,18264
1637320,9182,864
960090,288331,7713
1488200,9860,503
322170,309395,21575
743890,2637,814
268500,77912,14521
2093910,829,131
274520,16514,921
1509960,21415,2163
594650,158176,34491
1462810,1448,578
1761620,513,151
1407200,62701,10855
858820,15681,4771
1142710,57637,37551
1997040,20245,3881
1659040,18578,3097
529340,26140,13823
1888930,34190,15253
1338770,8427,1550
1172620,283644,31699
1695840,2859,1316
550470,2190,881
1029690,13169,3010
1798010,972,156
1436990,3400,355
236850,107399,15935
1335200,14346,2847
632360,254134,9808
303310,3694,187
1304930,41155,2808
391540,211209,7322
594570,112732,9273
312520,24351,1628
967050,34454,5115
1222700,50119,7427
425220,3530,867
252530,9623,1700
1244630,1552,374
1092790,103344,3213
1324130,6158,1049
2378900,15036,379
1608290,2284,128
753640,58238,2705
1062520,18431,1078
548430,266002,7939
767560,13003,7987
1577120,10177,2611
1766060,1969,654
393080,6538,3275
1971650,9452,400
774361,35524,3833
671860,111633,13733
1336490,20605,1022
646270,2823,398
743900,1337,419
1377380,7850,2068
363440,3623,627
1113000,64736,1964
363150,3884,3054
413420,23096,876
200510,50224,3010
874260,8762,335
1337520,23294,2476
699130,15629,3012
2369390,12036,4526
613100,79640,5035
646570,144953,3149
231430,82806,22200
1372810,4485,699
2379390,1318,682
527230,33580,4350
1071870,6047,930
1149460,25986,11069
1013750,363,106
568220,29180,2155
1545560,3274,146
2163330,6405,656
4000,1010946,34045
1116580,1771,96
999020,1501,544
813780,131654,7118
865360,11038,1973
799600,8299,399
438100,156984,54477
1693980,32876,3348
2231380,10971,4560
1850570,22204,1721
2630080,163,10
1591420,1127,134
1755920,314,285
367520,325244,9439
534380,120487,33306
848450,77159,7539
1451810,625,377
1937480,624,162
1931770,10573,159
2140020,5326,815
1062090,21667,1203
363890,6808,642
285900,46163,8752
1501610,1768,158
311690,74506,3253
34330,53550,5099
2348610,668,125
582160,84495,13264
1277400,12417,2620
752590,53348,3723
1967430,3422,67
1414180,841,138
2140330,2379,3321
275850,230821,58811
365360,18786,2492
1999360,12032,217
1466860,55366,8408
1584090,19070,460
1603180,923,59
2058190,4620,234
95400,5697,591
2014780,2120,530
1243830,2862,1100
1135690,25853,2013
2514960,1470,228
2362300,1213,388
703080,69643,7064
1274570,64594,5981
244210,108316,8673
600130,1784,319
2414630,442,45
1672970,9016,846
593600,8366,3141
939960,21117,6520
2014380,376,42
2141910,5452,2775
779340,70611,28086
410340,7784,483
246620,47567,2772
1259980,8301,1844
430960,7400,384
1004750,1037,366
742300,3748,433
1296610,8415,1855
2285630,193,52
1244090,7682,855
1677770,5597,76
1397920,13541,1136
2090370,58,73
304050,73395,17827
1217390,2909,114
1267540,591,179
239030,64542,1862
371660,24559,4265
1676130,2553,245
1942280,69043,1910
1273400,6605,1532
392160,14643,4178
1082180,1062,229
508440,116509,2553
379430,99160,20185
756800,12284,653
997010,12077,2614
1530300,284,143
1020790,1283,1362
1164050,3229,151
1498570,5939,1244
1901370,3256,29
851850,43316,3152
1284190,24729,926
927380,13161,646
377160,273006,56214
1101120,1324,237
1468810,115588,105936
1311540,180,31
834530,16712,1192
291550,293660,61304
674020,29160,24550
1937780,2043,1346
413410,26189,1054
945360,623292,55789
1705180,3399,308
1235140,24786,1216
1548850,8444,1417
1292630,1847,1049
782330,168010,16582
742420,2047,1162
1970580,5572,668
428550,9947,664
1044720,13577,2335
2529820,2058,215
1272320,4236,719
1173200,2131,411
1276760,2506,2228
552500,100738,18259
899770,24158,4269
469600,9904,1600
1040420,2441,290
768200,5285,834
2246110,267,48
1256670,23379,1746
1549250,9271,8881
1815780,6249,1373
284160,223551,6335
1538970,1111,626
341800,12864,283
1061090,9656,1020
2244130,1821,243
1669000,10381,2428
2239150,11087,305
1517290,106612,141949
1534980,861,28
392110,17602,3486
1958220,4311,138
1948980,12664,2387
601050,5915,454
1210320,26965,2177
2066020,14696,1515
516750,61866,3693
2497900,2345,1293
1332010,130334,3639
1649080,3884,605
1954420,845,720
496890,2893,454
1062140,952,102
1215390,4847,207
599140,32543,5136
1159830,360,117
349040,74234,7283
629730,44499,1496
1721470,52409,12174
846770,8561,789
2059170,1571,409
1059990,7936,165
1966900,23567,2034
1025250,1551,162
740130,28355,3581
1272080,19990,28720
382310,9861,2126
824270,28235,2257
620,377192,4862
282070,88872,6700
1250650,1644,513
1342330,5537,370
1068820,2352,311
219990,85206,5676
2342950,2777,451
2187290,6610,550
1341290,11146,1021
1239320,2253,346
1599600,16776,708
332570,8928,621
1497440,4016,188
221100,284376,94303
1332720,2681,248
1325860,3675,312
1190000,22018,934
964570,650,165
285330,4361,527
2680330,65,6
953580,2057,1033
493490,19663,4341
240720,55530,11793
1150690,63788,1591
1817230,22620,579
611790,12273,1853
736260,18946,409
2114740,7372,487
2155180,2234,354
1079800,3534,233
238460,67722,1907
456670,4656,829
1690710,642,268
1016920,16070,1158
774181,18860,294
2488510,1077,423
2111630,518,243
2653170,23,81
766570,28966,11268
1629520,6578,615
394510,23592,2168
1054510,2624,360
458770,835,378
1127400,16154,692
2021210,157,38
489630,8402,2021
895870,14680,1006
1525700,7692,632
47810,20135,2483
523000,1345,97
1643310,1531,170
1803960,113,33
200210,37451,7552
429050,11826,3409
521890,11535,2587
1874490,4659,548
1122340,990,196
898750,4687,624
804700,956,26
606800,4784,1080
314650,9212,413
2216360,433,75
1388590,5050,355
1638950,171,29
753420,8126,590
804490,1481,398
460920,21954,4973
229480,1377,306
1953520,1807,862
435150,168442,7059
2061250,215,39
1374840,1666,620
893720,601,94
251060,16019,1927
2399830,25779,17616
2533950,172,19
2313160,46,5
1562430,27121,1121
601150,112870,5162
2441270,1086,60
304390,96349,42488
787860,67286,4076
492720,21627,3200
1254120,15849,14454
860510,31299,1885
1351210,314,256
332950,15640,1808
1515210,12311,673
1238810,137631,56435
793460,4768,584
646910,56930,13064
1367300,1569,471
12210,119796,27846
2141730,1618,506
1012790,8845,566
383120,25041,6313
867210,5736,823
1249040,1378,76
1593030,4133,694
1239080,7180,251
1290330,1940,207
913740,8000,602
2186680,10196,3177
1258080,11633,3248
1140150,798,77
872670,6849,1615
824550,3425,1996
1214470,1467,370
1659420,17428,2017
2059670,395,3
1549970,16821,4306
495050,1068,199
2129160,88,10
491530,3016,967
281990,141981,18490
1683340,637,115
382110,1377,597
1127500,17607,745
2399730,260,58
681280,14909,904
1355090,474,97
1159690,2870,1040
2353380,4,5
2367230,576,69
1657630,24136,1380
1938010,5247,5980
597170,25668,825
1933700,565,141
2106810,267,8
1985960,313,14
1995810,103,6
1929610,14528,2110
2243110,306,32
1167630,81066,3740
1367080,3644,13738
1140620,699,537
1590320,15821,4508
1042920,240,52
388090,12430,983
352720,6970,1594
916440,12491,2828
1202200,1051,111
282800,23246,1845
304240,20797,1913
266410,3012,492
1811990,5135,1285
1609230,1780,16
701160,21412,2054
8500,24549,8616
418370,77286,4124
360430,28219,21068
50130,49134,2670
1991980,87,20
306130,116491,26028
4500,36705,2085
657200,30402,5771
858810,13919,2123
638970,61381,2903
1213210,27318,2868
802890,2355,103
17390,52447,4394
365590,62781,27073
334310,2273,360
1944360,331,124
311560,12781,2257
1556790,8524,1875
780290,11515,2142
588650,142762,4112
875210,7663,6483
2071280,5285,1353
894020,14187,969
1850160,976,38
1137750,1415,228
657000,251,26
2272400,752,66
1702330,1131,299
1118200,229150,3031
1727210,331,13
454650,41758,4616
502800,4815,278
219890,15595,804
2239550,4064,2860
1335790,5949,835
2520000,48,0
208650,99517,15096
1689910,1370,89
531510,18397,443
440900,77529,21206
799640,6201,169
1374970,715,160
222940,8792,922
2455060,761,78
621060,46390,3032
365450,22238,1523
1171690,8103,9042
1716740,86337,57198
361280,11882,897
1097840,14950,6495
437920,13035,1368
7670,27864,1718
1058830,3546,108
636480,63272,2025
1555400,641,77
1340480,2394,123
1222680,87596,17473
1057090,119062,4195
501080,1916,491
1694420,1847,81
2108330,11985,1876
1561040,170,51
1240060,248,17
420530,41606,728
1465070,1672,471
1846380,17573,11361
254700,65634,5200
476600,27093,12647
1985810,10112,2480
107410,236067,24825
886900,962,341
10180,51217,3738
209160,18821,10932
1244460,21848,3166
1359090,22034,5415
2562510,19,3
218230,57966,13316
1501420,40,1
2119940,398,7
1898500,309,11
2296990,17026,1426
1108370,4488,578
1328840,4403,75
1358700,2115,363
302670,17310,4444
483980,4419,120
674750,2367,422
2500750,1058,951
1270850,86,11
1594940,6092,633
1402120,1245,321
1454400,57499,1794
1963040,2625,623
1045720,2547,110
1490890,15417,2113
604500,1507,811
307110,4825,729
1164940,6333,401
821880,3125,433
368360,9504,1760
621830,5608,1616
611670,7743,2540
1539140,577,17
606150,14500,3047
617830,6956,2442
475150,29939,2894
1202900,5328,522
331600,7796,1968
9880,2859,1140
933110,33815,6544
1862520,2161,146
952060,63392,15354
1563180,7696,2744
995460,2180,62
1607680,2515,367
325610,26588,5992
1379600,120,61
274190,53987,1666
1835240,661,50
1237970,197704,10156
2322520,31,11
1696440,4201,579
319510,43711,3179
2430160,91,15
47890,26505,4012
1196590,98457,4555
2347030,5,2
1670810,68,29
203160,221235,8855
550650,61948,19395
1121560,6631,974
1547000,3007,1142
871980,2280,534
573090,40060,4630
1782120,7820,1133
1248130,58926,5402
837470,16729,752
1296450,211,62
240,160673,6179
2153780,143,40
1135230,4111,281
1623940,3287,148
1627680,364,69
1677740,92976,15410
1305420,2325,292
1360660,30,34
1928420,33461,8025
2656900,135,30
384180,6155,1123
1430760,493,81
1967510,1175,45
843380,36783,2431
2022180,3248,240
1551160,119,57
1844380,860,506
2052410,1813,25
449610,2012,228
1863390,31,34
1681430,9355,722
1802720,1145,61
2328750,626,52
233860,75874,3780
868360,6292,855
269950,15879,1247
1404210,50961,10223
214950,67572,14395
1296840,1903,161
791330,1510,251
1111370,1604,55
2138710,9732,723
2221920,1635,688
2303350,3543,80
1286580,2768,714
1577320,520,128
1476970,12134,3424
658690,305,42
453480,10623,3677
1637230,229,101
1517340,2342,265
368340,14308,1007
1847240,745,76
1700870,2031,209
1341490,215,31
583040,236,129
1739880,197,130
513710,74249,25551
790740,8529,1304
1898830,49,17
2289780,29,8
367500,35491,4357
1448000,147,35
1016600,2344,407
975370,23629,1159
666140,38385,3307
1485690,274,92
1368820,1600,256
684450,2807,1149
1389550,765,210
610370,12478,418
1273710,6835,1801
520440,9074,567
801480,4395,201
494150,3513,160
1213230,656,17
1072420,5807,499
1042550,8245,756
1998330,188,22
1169040,10577,683
1382070,4791,304
1740720,7656,1205
1599330,1009,153
1668720,49,9
1701520,3869,906
1105670,8838,780
2732640,29,6
1608400,566,22
1988550,3066,230
1424860,110,20
2139300,215,89
674940,108657,7306
1151640,96389,13080
1599860,98,35
667970,14681,297
1560250,1635,197
1259420,70742,5383
1703340,23757,1483
555160,34810,3108
996770,1559,440
22380,186303,6898
1718570,20238,849
802880,1158,67
330020,16663,2012
1954200,10591,884
982290,1626,235
1790490,155,11
1084020,1979,144
1967260,458,88
1466060,1776,357
1037020,2247,303
613830,7489,1054
375530,3334,443
635260,70533,3326
1201230,2455,571
10150,8625,2158
493520,46094,8379
1732190,4250,986
751440,1462,471
1730700,1186,45
1879330,1598,200
2022670,1536,659
1404850,8419,571
375910,3886,1683
1585220,4713,208
1737690,136,35
400,148772,2281
626610,929,369
2373390,43,14
473950,5285,242
976590,3383,1554
1656780,3525,906
1314000,942,255
1685750,567,65
436150,10083,4253
323220,3989,465
463530,9413,531
785790,3090,203
2273430,9834,1098
250180,7168,824
680420,39391,20214
668550,935,257
1451940,31441,1651
1348390,350,74
1157390,4720,912
1555110,1868,139
736820,3401,1022
444090,291683,50734
1105510,4133,448
1101790,1234,456
1144970,341,153
346010,44497,2077
374040,17423,3500
289650,49182,14097
977400,17732,1817
250320,31722,712
1286830,52507,5905
1687000,532,119
354160,668,335
1931730,815,340
1196090,992,292
482400,7052,567
647830,7045,1020
1940340,10493,3296
1740000,553,237
1364210,1161,122
1531430,7899,4891
882100,15619,6019
1333470,496,106
524220,107565,17031
1141020,527,78
1225570,4776,1083
113200,54857,2777
677160,6436,1530
891360,623,152
1238820,7193,3313
946610,323,30
2348100,666,181
2153720,4,1
1686940,4554,171
853450,673,90
1749630,7876,740
600090,1748,308
33230,41941,4876
1608700,736,224
1066890,7289,641
433340,114434,2421
219740,102097,3441
2285150,5771,2446
605230,1165,123
973810,4642,629
1848520,213,6
777390,793,83
2286790,96,14
2179850,1803,61
1218210,4066,580
337340,16208,345
412020,91013,10876
1613580,100,14
206440,69948,2625
1166860,2975,247
2231450,51228,761
1351000,58,66
1433140,11740,3929
641990,25956,2665
1812370,795,32
2144740,3569,472
1947500,827,407
973760,13549,1722
1205450,10102,562
1465360,27910,3257
1764390,6508,161
22230,3315,295
10,227879,5943
310080,6777,437
317840,68,13
1998530,392,7
2232180,34,24
342180,7003,1794
1136380,966,328
1469610,2300,322
632470,82685,5726
1025960,1392,240
1529570,70,77
690790,32881,4649
638990,1157,246
794260,18348,6746
1562420,4789,456
2291850,4681,82
939520,1188,878
1570010,3283,253
445220,11174,1204
916140,147,16
602960,57450,3946
1920480,1085,200
1238860,50839,7867
979120,4013,461
826940,1414,364
400910,10869,419
1895890,441,38
1193340,967,878
866140,1355,128
658590,246,41
2064810,268,314
1963570,930,267
244160,11114,1442
1608230,2866,176
2640,1585,238
788050,52,13
278890,2126,303
1881200,1397,208
251110,2458,290
544750,10222,2195
2218400,1446,227
1368030,3900,1001
365960,6153,1557
594330,7232,1200
635940,771,12
2276930,3138,201
1222140,100564,5561
769560,7733,1242
589290,21207,2325
1508680,1113,171
1372110,6809,989
1136160,6774,2532
1113570,983,225
603850,34629,4235
329050,13332,1568
1740930,655,16
2058180,6173,286
1969440,471,109
874390,3836,240
1507190,785,68
1389360,413,94
354140,8265,936
550320,4247,317
403640,51367,6361
204450,34348,1767
1262580,20416,3341
885810,2701,97
1797880,9922,7748
375820,3840,247
1129190,10456,108
2084000,1788,66
1182620,9701,394
2697890,13,16
714010,100955,6790
1167750,312,119
1615290,6736,518
1883090,498,14
2067920,4603,370
1611910,8400,2342
582550,5594,762
1282730,30186,2191
269310,709,343
411370,3845,288
265930,59205,6217
1413660,387,111
447530,32644,833
1016800,9951,2056
1944430,5264,374
1268750,22825,2992
1812620,1202,697
673880,11124,976
546050,4450,860
1636030,229,98
751630,1941,568
2005010,10337,947
2230650,2151,242
1457080,1820,327
658620,1362,97
1860510,1868,479
2002850,10,5
1522820,10214,1767
207320,1637,102
690830,12403,1817
1184250,404,42
1356670,4247,334
1489970,745,202
885150,999,155
424840,92558,5047
768520,2154,892
1133320,295,67
2169830,151,15
1155980,116,80
2201940,1034,202
1063660,9538,654
1594320,4477,290
1939350,28,17
834910,20055,21960
293760,10299,808
1487270,1661,57
816340,5697,232
517160,481,117
1134480,175,90
1293820,3350,123
2458940,243,22
898720,587,134
1358710,1660,515
1557580,166,39
1040230,2988,357
1388880,22198,740
2511030,209,74
1341820,2208,231
1605010,1430,156
410110,5485,1047
1228520,2077,385
524910,2337,158
1273480,116,103
3590,118167,2995
946720,1239,604
3320,4709,158
2464880,384,53
1144440,623,100
48240,7234,4746
1580150,227,45
1374290,378,79
1483780,367,54
2387590,163,50
2111870,339,102
1824220,27928,6286
502520,6630,789
1410710,4197,817
1029210,1906,177
364360,39945,11475
1927740,1409,80
1069650,1449,379
2200780,2074,232
1927720,3140,49
1977530,18713,1447
2532200,3,5
2354600,549,138
924140,8595,1353
2090760,250,68
2074750,18,4
238370,10188,2155
437000,241,96
2281730,22586,3131
1216870,106,49
2368470,4413,47
938380,726,338
680980,665,192
1188930,5918,654
1063730,192074,80634
1785150,7873,1623
287980,13973,551
481110,1095,466
2150660,127,35
999220,5948,1828
1073820,437,23
1552620,1013,520
342560,5131,215
1253920,12283,1223
2544760,83,15
1178490,14302,1493
673610,5810,1102
1138660,4825,356
1876890,12080,1022
722180,1419,313
1229490,95504,1945
1364390,1827,923
1824580,407,103
1755830,2683,207
2321880,132,24
1481440,172,37
543140,529,110
397460,1870,83
2323810,95,16
1017100,1236,301
2716110,258,109
2710950,167,16
1105500,4159,380
1088710,5501,1311
1810820,348,32
1868170,138,21
1868180,570,50
1008080,3143,1530
1296830,30558,2318
1269810,378,145
801550,1149,338
460950,62251,1208
774861,15437,3191
335070,654,102
1400910,151,4
407130,6735,882
1896700,1474,56
488860,13056,379
1726190,1106,108
1432050,4658,467
883710,144713,4652
985890,15136,1205
750290,436,33
1796200,316,98
904380,531,280
1361510,11802,711
1669980,28758,646
721090,499,161
319870,1040,143
955740,1903,107
2471100,982,66
10090,43400,3796
900270,8033,435
544810,22743,6192
4700,28890,1291
2488340,142,3
1372530,1924,274
922500,1146,491
939850,7522,2495
2304640,161,25
1689500,943,31
841190,1145,386
1580180,437,71
1901340,266,22
1584940,559,226
661990,271,47
763710,97,44
48700,153369,3518
2543050,111,23
559650,15889,2046
826630,9941,3758
1937500,4227,346
1475460,180,27
857540,60,22
2562460,125,7
2491040,56,3
1897050,60,121
2328780,43,17
2191490,84,6
201810,47055,4527
367670,2282,231
994730,6280,799
1258460,130,73
1901810,153,41
22330,42217,1963
110800,26596,4513
2078040,247,304
625960,18879,6325
1227280,2441,405
2278010,117,1
1969080,3234,29
356190,82917,11122
1681600,255,16
987840,4277,546
1267910,10297,1098
835430,762,123
1375400,709,165
2099220,272,46
774801,18684,354
251990,6580,345
1755910,458,248
724260,79,46
1910680,984,74
285920,19269,1894
1930600,839,300
24780,6730,1528
1786830,95,22
1216060,2450,1507
1303950,611,37
1649130,64,24
1095040,229,72
1477070,3434,237
715680,108,31
1913370,1067,327
583090,470,14
673950,19654,1203
774791,965,436
2216600,120,62
1435670,779,164
1274710,88,15
873840,1246,540
1012570,462,61
1332760,245,33
1330000,1762,234
1337760,2984,753
2180550,166,6
744060,1029,477
2543300,124,34
1089790,708,166
1389840,33,77
986130,8298,724
2432100,179,36
1371720,2104,192
312540,1033,116
246420,12158,343
625980,718,46
1059900,449,79
251150,7609,534
1286350,9432,926
228200,14258,837
387990,97164,7564
1583320,16357,1696
477870,1529,428
956030,3557,193
2088570,5555,169
553310,5771,186
41700,25499,1240
707010,11408,4717
577690,2523,105
391720,22706,2805
1786790,2001,83
1366540,75354,1765
24010,18712,7877
384190,22597,1732
552100,37559,2394
789760,2284,404
1602080,1032,289
1472560,1610,584
362890,104524,5050
1444480,2276,100
978520,3378,877
738550,258,219
998740,3974,365
938220,885,297
1934080,614,266
377840,9524,554
981430,4842,544
1509510,5607,784
448280,4004,409
1328890,988,89
1154040,1180,162
788100,18991,2817
1037130,956,119
1062110,1392,87
1930920,105,27
1724320,301,52
1829360,15,1
718670,8560,2200
1788100,244,81
986310,101,49
355980,1724,73
109600,28910,8380
981600,2880,599
1535560,4644,188
387290,58662,2768
2500760,89,4
1291010,3448,458
1822550,581,81
1832640,29592,88361
369990,6485,1197
678950,60662,6335
2166060,4230,233
960910,9578,1937
886960,564,335
1006710,80,28
1827180,3175,838
1119980,3876,191
2314720,899,60
638510,1318,59
431240,54086,6976
1647920,148,3
2551020,9859,1231
668580,24627,4615
960990,17660,2303
370460,361,77
311210,157542,31968
1166990,776,15
2591520,31,4
858210,10556,421
995230,262,51
1223870,713,58
1238060,7926,2646
242860,31648,5145
1945220,82,21
2020710,905,102
1942010,310,43
274500,4801,299
2527660,139,34
2552420,30,0
1164250,894,272
638230,26004,1475
1624540,4655,776
2647230,766,151
412050,331,63
1585700,283,13
2447310,83,12
805550,28523,2480
2025610,683,56
1818450,30563,8649
1104660,4295,371
2593900,310,64
503560,13961,1717
445190,3125,628
342310,1120,519
1941110,141,5
658850,8864,576
2553050,294,63
1004490,734,233
1042490,3749,444
2192620,320,5
1260520,2999,20
1147890,223,9
2399080,32,10
1567440,590,16
399810,8534,2281
1385730,1836,102
2565960,18,21
1055540,15443,117
2356350,44,5
719890,5170,2084
1907720,315,78
702890,3357,858
466560,50458,7118
420000,1792,506
2004640,238,31
2223590,282,34
1318690,10505,377
1372320,1943,96
1832740,144,56
2004180,86,4
2218460,23,3
2197910,987,994
1592540,265,14
1957780,5310,1324
1808640,42,6
894630,283,66
1724770,355,31
445980,17330,1712
2706990,6,0
842780,1317,126
201870,13033,2227
1070840,82,16
1864070,28,62
1783360,814,19
2225480,82,10
1011670,1144,245
1190130,181,113
247080,22588,947
1474770,46,7
2667970,3897,112
1175840,113,9
1335560,971,42
1778720,44,3
2274480,103,3
2292060,334,41
1504020,4466,220
976570,22,34
792300,7806,1603
1795010,34,14
1671410,565,250
474750,6717,939
220200,113443,6027
2620500,168,23
200900,6724,498
222420,2303,254
211820,150617,12056
1682970,1743,134
1053390,23,3
1292940,5523,94
1454010,359,42
41000,6932,468
2515240,799,184
1343670,2886,519
266510,9324,1081
507010,3145,771
498240,12111,2069
24720,5697,734
17440,1622,197
1592110,961,447
1652250,677,152
666610,350,9
1257410,1073,55
1043390,1095,195
809140,3502,509
686200,8903,494
1150090,290,52
39140,23074,1746
379720,177710,8644
2271980,243,164
597220,8774,203
1607240,682,126
846470,2845,143
1781030,192,17
362490,9111,1954
1158720,188,14
298630,14214,1531
2313240,1331,28
1299120,2562,116
1504740,851,134
577230,2571,1013
836590,17,28
1281630,1922,444
1900020,57,16
1226530,523,25
609320,16692,921
403190,7290,1893
1573280,883,117
1203420,2215,199
2118510,164,54
740080,1220,189
1494840,771,84
2086850,85,16
2320500,70,7
965200,9998,1387
397340,9184,672
2198620,12,109
1829420,360,16
1009560,5172,1135
1996210,410,24
1603720,111,21
525040,749,96
286690,71999,8213
287390,55420,6267
1339000,792,110
1514840,521,99
2485460,137,117
9450,14678,689
1363350,250,214
2000090,87,31
951000,1453,93
887570,2191,204
1220150,2006,451
2336980,241,3
2502940,49,6
406160,51,21
2287560,73,13
1137460,8363,2078
587860,1225,735
230700,1866,461
2121980,967,96
2435090,320,20
1877960,930,77
2179300,248,51
2089980,495,305
1218500,737,125
1043260,1837,390
627690,10363,2910
378760,1676,618
656350,7771,681
1542110,141,40
1831830,108,3
419480,2515,910
2224030,56,6
1455840,24256,821
311910,125,76
2185780,732,176
1206610,4531,825
1256490,35,0
287310,1007,89
1266030,1241,123
398000,767,18
1291340,18823,800
376300,2287,226
1635980,140,5
641320,14249,2565
2404510,60,9
1934800,297,38
1195290,4457,324
658700,589,309
2319640,77,13
1057800,228,42
501790,748,100
2649230,105,22
1215270,388,23
1894430,1763,156
2144460,178,8
1972440,4637,418
1597480,650,663
1923680,171,9
1134710,1464,164
2089450,74,10
2427100,71,5
552620,8339,1596
1562930,43,5
1698520,226,24
1155970,2861,133
914620,9591,2600
1889040,1775,62
1354230,519,188
1007350,713,281
2551170,762,14
611500,27444,9924
1946070,311,73
2099110,160,5
265210,5075,484
2183320,107,52
380600,44780,6985
1221540,365,94
817510,1073,385
70300,9102,347
203770,64610,7041
814540,12970,1762
2679200,105,13
1059980,1192,116
244850,110688,14530
2356500,847,8
348550,6111,237
1086410,952,55
405640,14600,725
2280540,194,34
354240,4290,573
1802330,237,141
333600,25307,1235
1913490,452,76
296490,3638,166
359960,199,72
220,181553,4469
223470,93048,3287
409100,1298,260
322450,2263,172
427730,22432,5665
219150,89741,2501
13530,1438,376
15300,1202,90
963450,599,91
575570,117,52
2172260,1025,83
2103140,4317,546
558450,283,36
376680,916,205
2600570,324,43
2687990,85,38
2552330,28,2
770810,3336,327
2617350,10,3
2145220,36,8
2230110,1829,418
584980,7283,1133
1556870,863,198
572890,7806,360
1843090,1903,263
1162680,860,200
1293730,258,83
698540,877,96
222880,114541,10257
2114170,13,22
1476170,109,51
617670,13051,365
1056840,586,132
1289810,1525,87
2236300,459,162
1132980,442,159
1289310,114216,2523
520720,4470,1542
1346830,310,180
34870,12940,4265
1837580,119,60
1107790,2298,662
1353270,2128,320
1490840,454,182
458710,7592,252
1076200,2763,524
224760,13323,1071
968550,213,31
2674190,81,10
397430,977,69
623080,2446,25
425580,17363,393
427100,7223,2582
94400,6725,775
6120,3049,343
1633430,29,5
1341170,157,31
344770,2463,82
1104330,1606,364
2020860,369,22
1483870,26115,4793
2007710,112,21
2307220,174,14
1812060,748,87
2683490,10,0
2219190,52,3
345260,1362,589
232090,103631,14404
1381850,118,15
208200,8626,1356
1202130,7858,1057
1515950,2073,1847
761460,603,67
3020,2592,629
725330,363,21
897820,755,209
21980,3338,535
2068280,3184,456
702120,953,265
282400,2110,522
909080,8807,221
783170,714,483
1487680,250,23
1209040,7843,2990
1261960,132,10
1279380,89,4
1279400,53,12
8850,12183,1469
530390,753,38
994280,39585,6313
322190,4882,311
1101360,814,289
1742930,804,86
1015130,177,61
221640,23351,759
1710580,978,254
656970,528,48
1367550,7308,385
2480930,55,26
1100990,1615,129
2459870,46,9
1732650,120,79
427290,15386,4622
753220,590,10
2313250,14070,123
388080,2921,368
2179380,372,21
598780,378,208
104600,565,163
1318560,96,23
2337140,169,7
1361320,13574,186
2110820,336,68
1861880,104,5
652190,365,77
1101450,3548,409
345090,824,178
532110,6293,222
1596730,270,7
2445870,8,6
1553120,437,61
372930,270,26
1419160,1396,696
555570,18018,15604
2187230,271,89
71250,12567,1277
1714250,186,21
2209680,622,97
991810,449,135
675260,7209,669
616720,2934,230
688420,9070,698
2497280,212,97
814000,2282,518
800270,4153,1743
370360,3584,121
1946300,117,51
2077380,231,5
2216970,22,10
2208920,13369,5723
433530,2771,977
1038280,312,30
1816950,69,1
794600,3951,1395
920520,191,35
1288420,138,9
634160,2368,98
555150,4007,1287
668350,532,6
1034940,394,15
2602350,6,0
2600830,27,6
351100,1604,625
322500,32854,3304
2659970,50,10
2583920,8,4
2464690,3,0
842910,1089,132
39200,1807,609
2262930,223,4
408120,645,636
1022780,227,54
1232570,537,30
1472660,2789,657
497780,481,9
923260,502,25
2529830,16,0
2272050,224,40
416590,1561,435
1454640,67,16
1914970,628,56
939400,26940,1660
1631090,110,19
335000,2376,147
432640,23,25
1046820,1555,70
2738050,45,72
684410,5223,479
1591450,334,102
1032700,196,122
2281820,209,60
836600,21,44
2000770,109,34
1550840,222,27
2086360,24,6
2086370,19,6
532690,30,18
2141770,279,14
1186400,2775,498
2170160,12,2
2291760,7220,53
1784470,23,5
1164690,458,104
1329790,79,46
2260100,6,2
1675900,4654,3021
648120,733,269
484950,890,292
1078760,875,366
2262770,2242,1153
2354970,8,9
1292180,198,75
361320,238,46
2116890,126,29
2067790,1089,59
1046030,14558,792
456750,10132,412
1787090,2874,1209
1139900,53281,4955
1658040,1722,193
1292170,136,38
1433570,601,171
24400,394,171
474210,956,152
228300,12602,2597
799870,27,21
2635930,49,1
1771070,151,5
2212330,17091,670
2197760,99,18
237740,2773,359
305380,1440,129
1730360,642,12
452420,247,44
1536980,624,52
1597720,225,3
1027820,594,237
2727020,18,8
356650,3921,876
207610,64554,1863
1707550,549,51
1035510,1986,308
261700,1207,171
968350,512,22
1709080,146,135
518030,5159,873
296770,866,491
1881120,275,20
451340,9755,3781
741990,274,24
2633340,24,14
717640,968,184
2677310,107,17
2110510,240,26
2216960,154,11
2203990,154,18
2671970,911,107
38120,109,4
2270,3280,213
1706210,241,17
33680,1158,109
2562240,16,148
2412490,164,59
264730,1345,425
1151120,228,87
1185160,358,90
898430,6,3
1464500,42,8
976420,261,17
2444470,169,6
2698350,6,1
1263070,800,437
317320,259,14
2616420,609,49
1058450,2834,388
2449040,539,73
341940,14279,3154
447820,18150,3816
1725640,966,9
1817000,763,5
402180,2417,423
1114870,194,25
1368950,1378,314
762650,713,435
277890,1253,217
1433420,891,243
768450,615,87
640820,24637,6918
1141760,296,109
8400,866,94
508900,6156,206
302080,1654,387
562410,939,87
288160,25329,559
2442230,196,112
2300,7763,389
1148590,6113,397
2280,16250,520
1709460,153,40
211500,15147,5289
785780,221,62
536430,53,12
336130,607,62
1061910,12421,441
1359920,112,14
237430,1163,301
226720,2202,1328
2234960,82,0
1546100,166,29
2739500,0,0
559260,150,51
363930,4340,963
1146630,6121,657
951430,882,266
2359170,95,22
45710,326,268
2016540,32,1
2108600,174,1
249190,157,194
1744910,294,85
1531720,1893,1183
1610,212,38
2261650,33,7
42120,1573,607
2559400,28,0
1647250,58,11
760890,1868,30
1772910,196,159
2480660,14,1
2280520,414,19
2520580,39,5
1671550,176,84
434730,2563,725
2402200,46,3
204360,103272,4054
1732740,1192,99
521630,333,61
926580,510,132
1992640,84,27
433100,1978,508
2687190,886,353
2021710,47,0
2444000,147,26
2445660,68,81
1795960,122,84
2722570,27,3
1800790,616,94
781130,108,48
1168610,125,118
1145960,4951,324
2421470,27,0
1978330,230,44
356910,136,69
1599080,585,70
1284820,1386,218
1108550,17,14
2352040,105,29
511470,5993,193
1257810,328,29
421040,4807,619
1949190,4032,601
915310,3920,203
2701560,6,1
1239690,13890,621
2361340,2,0
1923790,530,7
1357870,1196,70
356450,357,123
397740,4369,87
850980,390,68
2525690,23,3
2298060,27,0
780500,298,50
2661210,69,3
821500,376,95
2645600,2,4
1141120,183,26
1184570,137,46
1278750,28,11
1957990,445,22
1629550,7,3
2235500,95,20
2295570,91,2
2114370,205,12
1266690,2124,429
1906250,15,4
1406990,7972,202
940710,947,127
438640,5288,923
1900340,3213,237
559330,1216,84
1543080,460,243
6510,1345,328
356040,4791,1081
235540,16440,4082
2413720,37,14
2184720,48,35
602430,235,41
2272220,4,2
984800,571,225
1048640,8,40
1064610,5982,251
967130,292,93
96000,5484,776
2688720,23,6
1041320,3542,1674
1995590,102,38
1967320,529,136
1099500,275,27
651500,724,58
2452350,23,8
1364010,86,15
2230180,12,2
330580,1436,454
528610,460,302
546090,293,40
307230,2059,391
1306620,386,65
1212190,43,10
975470,647,251
1571100,826,45
1235450,28,6
744800,761,30
744810,2380,137
2172510,227,58
1215320,116,8
790800,0,12
1069530,1018,278
1538850,193,15
1795430,80,12
1202310,520,106
2338710,0,2
1406020,196,27
1326000,279,29
1466690,176,15
1961390,65,9
2372380,476,112
258760,1453,352
2336200,363,54
1297300,1141,408
2117930,23,2
548330,136,6
1798020,356,57
802730,522,104
1044220,71,6
773670,1387,53
1218900,3904,122
936810,6,15
938820,10,22
935180,12,29
466130,2295,524
910220,7,15
910250,12,14
2133400,32,4
1899400,378,133
204940,141,81
2491050,31,17
1949770,166,15
2326020,77,19
558260,813,270
2113180,100,25
1807930,167,8
2446680,68,5
2642890,1226,24
851520,41,42
840710,34,27
1829540,104,4
302790,1198,81
2181930,11881,614
262150,2005,853
1709500,452,73
1871310,556,13
340050,1987,491
1392340,232,73
333250,1748,387
286750,106,37
1382370,16,7
1776800,2,0
1192890,147,27
2336590,145,13
1849890,148,28
1615060,158,46
1480120,480,39
239200,7305,3213
369070,1572,623
1819650,10,1
898690,5,9
1241510,18619,547
2608050,8149,29
1237490,35,31
1677180,39,18
1524750,224,163
1547160,272,72
1955330,1930,50
108110,47,95
483490,7,2
1132070,189,27
1239260,1422,280
236150,2822,1233
1093330,523,76
406150,16467,720
2011550,35,6
562730,234,63
2511290,71,0
2564660,153,204
1179560,251,47
1097430,4185,2008
597730,56,13
2700050,14,5
610360,2410,168
1478220,3358,503
645090,2530,165
1006720,17,4
232010,5716,1175
1711190,26,1
2251410,8,7
2268110,12,7
1310970,162,43
938840,8,14
1048100,2554,687
281450,290,48
787100,9,7
706920,33,4
1201630,1145,593
2181110,8,4
1336120,185,54
2651230,41,4
861720,50,44
860350,44,44
860340,38,43
861740,36,35
998930,3834,1054
1323420,906,126
528510,253,116
1003480,679,87
1070330,6477,792
540100,133,73
1801030,18,9
49520,262966,17207
1788430,26,2
523210,2156,267
1722770,58,24
615090,124,39
1920400,138,16
1375920,5,1
2350390,16,2
1884430,111,38
1700940,97,29
2288480,22,6
2638150,15,1
2513890,439,45
1744120,23,8
1262720,31,21
400660,487,63
38740,1948,171
1595630,13,8
2487460,15,4
1386620,87,18
1830910,175,38
2350810,21,1
1197990,51,6
2261660,23,10
2443550,28,5
2199360,35,15
2391780,20,4
1630650,107,21
2074480,374,14
2609490,14,3
748970,303,46
453670,88,102
1920390,73,12
2443560,17,3
243450,1332,283
1046230,187,41
940680,1076,235
2519450,5,3
2235610,28,10
973060,70,34
654990,1215,788
1531730,28,14
1667210,1,4
1693430,21,22
519180,10,42
584100,167,70
2306390,13,1
2252960,280,31
393380,136234,30565
781810,229,42
611980,1196,87
588970,1465,169
2134630,33,13
2577700,8,0
2315450,47,0
1383650,13,2
107300,1154,225
2054340,38,10
2426060,8,2
2330970,67,9
1187420,27,29
2613460,6,1
2693450,1,0
2652950,3,0
724430,53,67
2632340,6,0
2674630,6,0
2640140,7,1
1081710,45,19
2376780,9,0
2010440,11,7
2678950,2,0
992050,120,11
1047960,127,7
936800,18,20
932670,13,17
931360,22,43
938000,15,22
922130,13,24
910200,12,15
911130,12,22
914220,12,24
916880,9,20
1958810,62,27
793350,1673,85
1165860,297,30
701540,32,28
1612030,20,3
1339900,101,9
1395540,65,6
853620,46,26
2050310,51,6
444940,321,64
585830,386,173
2389270,12,0
263980,6420,481
341310,1331,453
805940,3298,951
503900,55,24
1598370,220,16
400740,334,442
1540400,61,28
1600900,284,6
1667400,340,23
1531750,39,16
1500810,0,2
1630910,84,19
2590400,3,0
2603500,5,3
2651710,7,3
2578550,16,1
2271480,9,6
1171310,1287,278
1960110,142,41
2182450,32,5
1325200,34300,4475
2298730,21,9
508840,585,121
2160320,11,9
878270,19,21
1858550,21,8
2695730,4,2
2512220,6,0
2382290,6,2
916860,11,22
2196150,1,1
2495210,6,3
2310760,11,2
2665200,7,0
2435190,12,4
2588130,5,2
2580150,7,1
2584190,6,1
2599790,7,1
2581680,8,0
667530,12115,1645
2092410,30,7
1881670,10,4
1735470,13,14
2587440,4,2
536750,196,45
2390030,7,3
2352470,11,5
2585770,7,0
2408200,8,3
1805590,13,11
2110070,13,4
2120810,8,13
755980,608,140
673450,458,177
1190170,1315,128
2306590,4947,280
657590,66,70
383150,18400,4089
881100,58645,2867
884440,14,22
495420,42413,8950
1270580,1044,94
1788410,28,1
1986230,223,25
592730,108,66
1708190,271,3
2179030,11,0
